TIME,CODE,DATA
0.0004038810729980469,DATA_LOGGING,True
0.010519981384277344,STATE,"{'sequence_executing': None, 'arming_switch': False, 'manual_switch': False, 'current_sequence': [], 'sequence_running': False, 'data_logging': True, 'aborting': False, 'time': 1630851343052, 'LOX': {'digital': {14: False, 12: False, 10: False, 8: False, 19: False, 17: False}, 'analog': {1: 0.08191576055834339, 3: 0.8721354967196511}}, 'ETH': {'digital': {16: False, 18: False, 9: False, 11: False, 13: False, 15: False}, 'analog': {1: 0.8829252401362013, 3: 0.059499772522040674}}}"
0.011134862899780273,REQUEST,"{""command"":{""header"":""PING"",""data"":null},""time"":1630851343073}"
0.03144097328186035,STATE,"{'sequence_executing': None, 'arming_switch': False, 'manual_switch': False, 'current_sequence': [], 'sequence_running': False, 'data_logging': True, 'aborting': False, 'time': 1630851343073, 'LOX': {'digital': {14: False, 12: False, 10: False, 8: False, 19: False, 17: False}, 'analog': {1: 0.10349092720845653, 3: 0.8613453802261793}}, 'ETH': {'digital': {16: False, 18: False, 9: False, 11: False, 13: False, 15: False}, 'analog': {1: 0.8928763074835, 3: 0.03788913978672725}}}"
0.05278801918029785,STATE,"{'sequence_executing': None, 'arming_switch': False, 'manual_switch': False, 'current_sequence': [], 'sequence_running': False, 'data_logging': True, 'aborting': False, 'time': 1630851343094, 'LOX': {'digital': {14: False, 12: False, 10: False, 8: False, 19: False, 17: False}, 'analog': {1: 0.12420491798241197, 3: 0.8505672495090687}}, 'ETH': {'digital': {16: False, 18: False, 9: False, 11: False, 13: False, 15: False}, 'analog': {1: 0.9020664197335511, 3: 0.017058169472826117}}}"
0.07608318328857422,STATE,"{'sequence_executing': None, 'arming_switch': False, 'manual_switch': False, 'current_sequence': [], 'sequence_running': False, 'data_logging': True, 'aborting': False, 'time': 1630851343116, 'LOX': {'digital': {14: False, 12: False, 10: False, 8: False, 19: False, 17: False}, 'analog': {1: 0.14538270489048713, 3: 0.8391339636827794}}, 'ETH': {'digital': {16: False, 18: False, 9: False, 11: False, 13: False, 15: False}, 'analog': {1: 0.9110854119255831, 3: -0.004318076371520609}}}"
0.09902095794677734,STATE,"{'sequence_executing': None, 'arming_switch': False, 'manual_switch': False, 'current_sequence': [], 'sequence_running': False, 'data_logging': True, 'aborting': False, 'time': 1630851343139, 'LOX': {'digital': {14: False, 12: False, 10: False, 8: False, 19: False, 17: False}, 'analog': {1: 0.1683787340697368, 3: 0.8262427962886066}}, 'ETH': {'digital': {16: False, 18: False, 9: False, 11: False, 13: False, 15: False}, 'analog': {1: 0.920435644789821, 3: -0.027598543483003054}}}"
0.12404298782348633,STATE,"{'sequence_executing': None, 'arming_switch': False, 'manual_switch': False, 'current_sequence': [], 'sequence_running': False, 'data_logging': True, 'aborting': False, 'time': 1630851343162, 'LOX': {'digital': {14: False, 12: False, 10: False, 8: False, 19: False, 17: False}, 'analog': {1: 0.19095092668343133, 3: 0.8131008252883016}}, 'ETH': {'digital': {16: False, 18: False, 9: False, 11: False, 13: False, 15: False}, 'analog': {1: 0.9291617033055322, 3: -0.05052450117510204}}}"
0.15245699882507324,STATE,"{'sequence_executing': None, 'arming_switch': False, 'manual_switch': False, 'current_sequence': [], 'sequence_running': False, 'data_logging': True, 'aborting': False, 'time': 1630851343187, 'LOX': {'digital': {14: False, 12: False, 10: False, 8: False, 19: False, 17: False}, 'analog': {1: 0.21545974919500413, 3: 0.7982753149037329}}, 'ETH': {'digital': {16: False, 18: False, 9: False, 11: False, 13: False, 15: False}, 'analog': {1: 0.9381239890233192, 3: -0.07550898775427174}}}"
0.17693090438842773,STATE,"{'sequence_executing': None, 'arming_switch': False, 'manual_switch': False, 'current_sequence': [], 'sequence_running': False, 'data_logging': True, 'aborting': False, 'time': 1630851343215, 'LOX': {'digital': {14: False, 12: False, 10: False, 8: False, 19: False, 17: False}, 'analog': {1: 0.2430944120209296, 3: 0.7808567355632705}}, 'ETH': {'digital': {16: False, 18: False, 9: False, 11: False, 13: False, 15: False}, 'analog': {1: 0.9475757510081289, 3: -0.10378174137078557}}}"
0.20020508766174316,STATE,"{'sequence_executing': None, 'arming_switch': False, 'manual_switch': False, 'current_sequence': [], 'sequence_running': False, 'data_logging': True, 'aborting': False, 'time': 1630851343240, 'LOX': {'digital': {14: False, 12: False, 10: False, 8: False, 19: False, 17: False}, 'analog': {1: 0.26685435226720183, 3: 0.7652708664174463}}, 'ETH': {'digital': {16: False, 18: False, 9: False, 11: False, 13: False, 15: False}, 'analog': {1: 0.95514160055447, 3: -0.12819212833734805}}}"
0.2206740379333496,STATE,"{'sequence_executing': None, 'arming_switch': False, 'manual_switch': False, 'current_sequence': [], 'sequence_running': False, 'data_logging': True, 'aborting': False, 'time': 1630851343263, 'LOX': {'digital': {14: False, 12: False, 10: False, 8: False, 19: False, 17: False}, 'analog': {1: 0.2892138949279092, 3: 0.7500800186813402}}, 'ETH': {'digital': {16: False, 18: False, 9: False, 11: False, 13: False, 15: False}, 'analog': {1: 0.9617759780061201, 3: -0.15124031033623392}}}"
0.24115920066833496,STATE,"{'sequence_executing': None, 'arming_switch': False, 'manual_switch': False, 'current_sequence': [], 'sequence_running': False, 'data_logging': True, 'aborting': False, 'time': 1630851343284, 'LOX': {'digital': {14: False, 12: False, 10: False, 8: False, 19: False, 17: False}, 'analog': {1: 0.3086388767277007, 3: 0.7364644993651839}}, 'ETH': {'digital': {16: False, 18: False, 9: False, 11: False, 13: False, 15: False}, 'analog': {1: 0.9671498292130344, 3: -0.17132655480904677}}}"
0.2651538848876953,STATE,"{'sequence_executing': None, 'arming_switch': False, 'manual_switch': False, 'current_sequence': [], 'sequence_running': False, 'data_logging': True, 'aborting': False, 'time': 1630851343304, 'LOX': {'digital': {14: False, 12: False, 10: False, 8: False, 19: False, 17: False}, 'analog': {1: 0.32827650354267085, 3: 0.722288685280398}}, 'ETH': {'digital': {16: False, 18: False, 9: False, 11: False, 13: False, 15: False}, 'analog': {1: 0.9722113670195461, 3: -0.19171366367866183}}}"
0.2882730960845947,STATE,"{'sequence_executing': None, 'arming_switch': False, 'manual_switch': False, 'current_sequence': [], 'sequence_running': False, 'data_logging': True, 'aborting': False, 'time': 1630851343328, 'LOX': {'digital': {14: False, 12: False, 10: False, 8: False, 19: False, 17: False}, 'analog': {1: 0.35065900861481825, 3: 0.705632293376737}}, 'ETH': {'digital': {16: False, 18: False, 9: False, 11: False, 13: False, 15: False}, 'analog': {1: 0.9775040590508192, 3: -0.21500022646487296}}}"
0.3123760223388672,STATE,"{'sequence_executing': None, 'arming_switch': False, 'manual_switch': False, 'current_sequence': [], 'sequence_running': False, 'data_logging': True, 'aborting': False, 'time': 1630851343351, 'LOX': {'digital': {14: False, 12: False, 10: False, 8: False, 19: False, 17: False}, 'analog': {1: 0.3721966619443958, 3: 0.6890772349534899}}, 'ETH': {'digital': {16: False, 18: False, 9: False, 11: False, 13: False, 15: False}, 'analog': {1: 0.9821149890112153, 3: -0.23750054512480806}}}"
0.3328418731689453,STATE,"{'sequence_executing': None, 'arming_switch': False, 'manual_switch': False, 'current_sequence': [], 'sequence_running': False, 'data_logging': True, 'aborting': False, 'time': 1630851343375, 'LOX': {'digital': {14: False, 12: False, 10: False, 8: False, 19: False, 17: False}, 'analog': {1: 0.3944760150643054, 3: 0.6713968346134245}}, 'ETH': {'digital': {16: False, 18: False, 9: False, 11: False, 13: False, 15: False}, 'analog': {1: 0.9863707280062924, 3: -0.26086190622761685}}}"
0.35428285598754883,STATE,"{'sequence_executing': None, 'arming_switch': False, 'manual_switch': False, 'current_sequence': [], 'sequence_running': False, 'data_logging': True, 'aborting': False, 'time': 1630851343396, 'LOX': {'digital': {14: False, 12: False, 10: False, 8: False, 19: False, 17: False}, 'analog': {1: 0.4131828746464874, 3: 0.6561028638868128}}, 'ETH': {'digital': {16: False, 18: False, 9: False, 11: False, 13: False, 15: False}, 'analog': {1: 0.9895289324796502, 3: -0.28054689373343905}}}"
0.3755481243133545,STATE,"{'sequence_executing': None, 'arming_switch': False, 'manual_switch': False, 'current_sequence': [], 'sequence_running': False, 'data_logging': True, 'aborting': False, 'time': 1630851343417, 'LOX': {'digital': {14: False, 12: False, 10: False, 8: False, 19: False, 17: False}, 'analog': {1: 0.4328415848373645, 3: 0.6395755801395538}}, 'ETH': {'digital': {16: False, 18: False, 9: False, 11: False, 13: False, 15: False}, 'analog': {1: 0.9924273858000053, 3: -0.3013049250204719}}}"
0.3995950222015381,STATE,"{'sequence_executing': None, 'arming_switch': False, 'manual_switch': False, 'current_sequence': [], 'sequence_running': False, 'data_logging': True, 'aborting': False, 'time': 1630851343438, 'LOX': {'digital': {14: False, 12: False, 10: False, 8: False, 19: False, 17: False}, 'analog': {1: 0.4516953259053074, 3: 0.6232761174568818}}, 'ETH': {'digital': {16: False, 18: False, 9: False, 11: False, 13: False, 15: False}, 'analog': {1: 0.9947900158072092, 3: -0.32128111029738665}}}"
0.42382001876831055,STATE,"{'sequence_executing': None, 'arming_switch': False, 'manual_switch': False, 'current_sequence': [], 'sequence_running': False, 'data_logging': True, 'aborting': False, 'time': 1630851343462, 'LOX': {'digital': {14: False, 12: False, 10: False, 8: False, 19: False, 17: False}, 'analog': {1: 0.4730439500883261, 3: 0.6042681287817947}}, 'ETH': {'digital': {16: False, 18: False, 9: False, 11: False, 13: False, 15: False}, 'analog': {1: 0.9969560559739574, 3: -0.3439871567658947}}}"
0.4463069438934326,STATE,"{'sequence_executing': None, 'arming_switch': False, 'manual_switch': False, 'current_sequence': [], 'sequence_running': False, 'data_logging': True, 'aborting': False, 'time': 1630851343487, 'LOX': {'digital': {14: False, 12: False, 10: False, 8: False, 19: False, 17: False}, 'analog': {1: 0.49422032098450197, 3: 0.5848141011058796}}, 'ETH': {'digital': {16: False, 18: False, 9: False, 11: False, 13: False, 15: False}, 'analog': {1: 0.9985505028461358, 3: -0.3666027038591316}}}"
0.4711740016937256,STATE,"{'sequence_executing': None, 'arming_switch': False, 'manual_switch': False, 'current_sequence': [], 'sequence_running': False, 'data_logging': True, 'aborting': False, 'time': 1630851343509, 'LOX': {'digital': {14: False, 12: False, 10: False, 8: False, 19: False, 17: False}, 'analog': {1: 0.513608884674764, 3: 0.5664601348467012}}, 'ETH': {'digital': {16: False, 18: False, 9: False, 11: False, 13: False, 15: False}, 'analog': {1: 0.9995069470492209, 3: -0.3873911223326938}}}"
0.4930379390716553,STATE,"{'sequence_executing': None, 'arming_switch': False, 'manual_switch': False, 'current_sequence': [], 'sequence_running': False, 'data_logging': True, 'aborting': False, 'time': 1630851343534, 'LOX': {'digital': {14: False, 12: False, 10: False, 8: False, 19: False, 17: False}, 'analog': {1: 0.5347818176071696, 3: 0.5457970394076406}}, 'ETH': {'digital': {16: False, 18: False, 9: False, 11: False, 13: False, 15: False}, 'analog': {1: 0.9999786165309956, 3: -0.4101923583539938}}}"
0.5134310722351074,STATE,"{'sequence_executing': None, 'arming_switch': False, 'manual_switch': False, 'current_sequence': [], 'sequence_running': False, 'data_logging': True, 'aborting': False, 'time': 1630851343556, 'LOX': {'digital': {14: False, 12: False, 10: False, 8: False, 19: False, 17: False}, 'analog': {1: 0.5532181105641178, 3: 0.527253474250351}}, 'ETH': {'digital': {16: False, 18: False, 9: False, 11: False, 13: False, 15: False}, 'analog': {1: 0.9998807553379359, 3: -0.43014196338568456}}}"
0.5339200496673584,STATE,"{'sequence_executing': None, 'arming_switch': False, 'manual_switch': False, 'current_sequence': [], 'sequence_running': False, 'data_logging': True, 'aborting': False, 'time': 1630851343576, 'LOX': {'digital': {14: False, 12: False, 10: False, 8: False, 19: False, 17: False}, 'analog': {1: 0.5700152954226512, 3: 0.509897847766843}}, 'ETH': {'digital': {16: False, 18: False, 9: False, 11: False, 13: False, 15: False}, 'analog': {1: 0.9993615281567656, 3: -0.4483699554874515}}}"
0.5584490299224854,STATE,"{'sequence_executing': None, 'arming_switch': False, 'manual_switch': False, 'current_sequence': [], 'sequence_running': False, 'data_logging': True, 'aborting': False, 'time': 1630851343597, 'LOX': {'digital': {14: False, 12: False, 10: False, 8: False, 19: False, 17: False}, 'analog': {1: 0.5867526652732018, 3: 0.492140572188197}}, 'ETH': {'digital': {16: False, 18: False, 9: False, 11: False, 13: False, 15: False}, 'analog': {1: 0.9984181968690622, 3: -0.4666134811310992}}}"
0.589097261428833,STATE,"{'sequence_executing': None, 'arming_switch': False, 'manual_switch': False, 'current_sequence': [], 'sequence_running': False, 'data_logging': True, 'aborting': False, 'time': 1630851343621, 'LOX': {'digital': {14: False, 12: False, 10: False, 8: False, 19: False, 17: False}, 'analog': {1: 0.6064217396415037, 3: 0.4706584225624497}}, 'ETH': {'digital': {16: False, 18: False, 9: False, 11: False, 13: False, 15: False}, 'analog': {1: 0.9967386498069032, 3: -0.4881694108932967}}}"
0.6137168407440186,STATE,"{'sequence_executing': None, 'arming_switch': False, 'manual_switch': False, 'current_sequence': [], 'sequence_running': False, 'data_logging': True, 'aborting': False, 'time': 1630851343652, 'LOX': {'digital': {14: False, 12: False, 10: False, 8: False, 19: False, 17: False}, 'analog': {1: 0.6305593097692309, 3: 0.44333439431007143}}, 'ETH': {'digital': {16: False, 18: False, 9: False, 11: False, 13: False, 15: False}, 'analog': {1: 0.9937914848252392, 3: -0.5147309897196093}}}"
0.6345629692077637,STATE,"{'sequence_executing': None, 'arming_switch': False, 'manual_switch': False, 'current_sequence': [], 'sequence_running': False, 'data_logging': True, 'aborting': False, 'time': 1630851343677, 'LOX': {'digital': {14: False, 12: False, 10: False, 8: False, 19: False, 17: False}, 'analog': {1: 0.6494528022518214, 3: 0.4211592256498651}}, 'ETH': {'digital': {16: False, 18: False, 9: False, 11: False, 13: False, 15: False}, 'analog': {1: 0.9907552078961689, 3: -0.5356581619006476}}}"
0.6553041934967041,STATE,"{'sequence_executing': None, 'arming_switch': False, 'manual_switch': False, 'current_sequence': [], 'sequence_running': False, 'data_logging': True, 'aborting': False, 'time': 1630851343697, 'LOX': {'digital': {14: False, 12: False, 10: False, 8: False, 19: False, 17: False}, 'analog': {1: 0.6651356332664823, 3: 0.4021959797155111}}, 'ETH': {'digital': {16: False, 18: False, 9: False, 11: False, 13: False, 15: False}, 'analog': {1: 0.9877181241395976, 3: -0.5531119218156663}}}"
0.679887056350708,STATE,"{'sequence_executing': None, 'arming_switch': False, 'manual_switch': False, 'current_sequence': [], 'sequence_running': False, 'data_logging': True, 'aborting': False, 'time': 1630851343718, 'LOX': {'digital': {14: False, 12: False, 10: False, 8: False, 19: False, 17: False}, 'analog': {1: 0.6805613305464789, 3: 0.38301497791121464}}, 'ETH': {'digital': {16: False, 18: False, 9: False, 11: False, 13: False, 15: False}, 'analog': {1: 0.9842450235386622, 3: -0.570363221786776}}}"
0.702876091003418,STATE,"{'sequence_executing': None, 'arming_switch': False, 'manual_switch': False, 'current_sequence': [], 'sequence_running': False, 'data_logging': True, 'aborting': False, 'time': 1630851343743, 'LOX': {'digital': {14: False, 12: False, 10: False, 8: False, 19: False, 17: False}, 'analog': {1: 0.6983455688205435, 3: 0.36021844623216526}}, 'ETH': {'digital': {16: False, 18: False, 9: False, 11: False, 13: False, 15: False}, 'analog': {1: 0.9796059447672343, 3: -0.5903641038773918}}}"
0.7267618179321289,STATE,"{'sequence_executing': None, 'arming_switch': False, 'manual_switch': False, 'current_sequence': [], 'sequence_running': False, 'data_logging': True, 'aborting': False, 'time': 1630851343767, 'LOX': {'digital': {14: False, 12: False, 10: False, 8: False, 19: False, 17: False}, 'analog': {1: 0.7152666991258907, 3: 0.33780326870263483}}, 'ETH': {'digital': {16: False, 18: False, 9: False, 11: False, 13: False, 15: False}, 'analog': {1: 0.9745204835255501, 3: -0.6094993868430808}}}"
0.7477281093597412,STATE,"{'sequence_executing': None, 'arming_switch': False, 'manual_switch': False, 'current_sequence': [], 'sequence_running': False, 'data_logging': True, 'aborting': False, 'time': 1630851343790, 'LOX': {'digital': {14: False, 12: False, 10: False, 8: False, 19: False, 17: False}, 'analog': {1: 0.7310958497544129, 3: 0.31614565593614835}}, 'ETH': {'digital': {16: False, 18: False, 9: False, 11: False, 13: False, 15: False}, 'analog': {1: 0.9691252540869625, 3: -0.6275036534077744}}}"
0.767977237701416,STATE,"{'sequence_executing': None, 'arming_switch': False, 'manual_switch': False, 'current_sequence': [], 'sequence_running': False, 'data_logging': True, 'aborting': False, 'time': 1630851343811, 'LOX': {'digital': {14: False, 12: False, 10: False, 8: False, 19: False, 17: False}, 'analog': {1: 0.7451773624807099, 3: 0.2962748116468598}}, 'ETH': {'digital': {16: False, 18: False, 9: False, 11: False, 13: False, 15: False}, 'analog': {1: 0.9637681860822174, 3: -0.6436171077484782}}}"
0.7925128936767578,STATE,"{'sequence_executing': None, 'arming_switch': False, 'manual_switch': False, 'current_sequence': [], 'sequence_running': False, 'data_logging': True, 'aborting': False, 'time': 1630851343831, 'LOX': {'digital': {14: False, 12: False, 10: False, 8: False, 19: False, 17: False}, 'analog': {1: 0.7585471767999152, 3: 0.2768449269596535}}, 'ETH': {'digital': {16: False, 18: False, 9: False, 11: False, 13: False, 15: False}, 'analog': {1: 0.9581596677478379, 3: -0.6590080865554889}}}"
0.8146560192108154,STATE,"{'sequence_executing': None, 'arming_switch': False, 'manual_switch': False, 'current_sequence': [], 'sequence_running': False, 'data_logging': True, 'aborting': False, 'time': 1630851343855, 'LOX': {'digital': {14: False, 12: False, 10: False, 8: False, 19: False, 17: False}, 'analog': {1: 0.7743510039618727, 3: 0.25311533262940344}}, 'ETH': {'digital': {16: False, 18: False, 9: False, 11: False, 13: False, 15: False}, 'analog': {1: 0.9508251132825848, 3: -0.6773195645308673}}}"
0.8355610370635986,STATE,"{'sequence_executing': None, 'arming_switch': False, 'manual_switch': False, 'current_sequence': [], 'sequence_running': False, 'data_logging': True, 'aborting': False, 'time': 1630851343878, 'LOX': {'digital': {14: False, 12: False, 10: False, 8: False, 19: False, 17: False}, 'analog': {1: 0.7881907451106556, 3: 0.23160096590776041}}, 'ETH': {'digital': {16: False, 18: False, 9: False, 11: False, 13: False, 15: False}, 'analog': {1: 0.9437230311575389, 3: -0.693466347260773}}}"
0.8580000400543213,STATE,"{'sequence_executing': None, 'arming_switch': False, 'manual_switch': False, 'current_sequence': [], 'sequence_running': False, 'data_logging': True, 'aborting': False, 'time': 1630851343898, 'LOX': {'digital': {14: False, 12: False, 10: False, 8: False, 19: False, 17: False}, 'analog': {1: 0.8007980844778461, 3: 0.2113578313054205}}, 'ETH': {'digital': {16: False, 18: False, 9: False, 11: False, 13: False, 15: False}, 'analog': {1: 0.9366568085558309, 3: -0.7082673471235568}}}"
0.8825819492340088,STATE,"{'sequence_executing': None, 'arming_switch': False, 'manual_switch': False, 'current_sequence': [], 'sequence_running': False, 'data_logging': True, 'aborting': False, 'time': 1630851343921, 'LOX': {'digital': {14: False, 12: False, 10: False, 8: False, 19: False, 17: False}, 'analog': {1: 0.8140384521047287, 3: 0.1893685332142259}}, 'ETH': {'digital': {16: False, 18: False, 9: False, 11: False, 13: False, 15: False}, 'analog': {1: 0.9285603190649542, 3: -0.7239326787408892}}}"
0.9073078632354736,STATE,"{'sequence_executing': None, 'arming_switch': False, 'manual_switch': False, 'current_sequence': [], 'sequence_running': False, 'data_logging': True, 'aborting': False, 'time': 1630851343946, 'LOX': {'digital': {14: False, 12: False, 10: False, 8: False, 19: False, 17: False}, 'analog': {1: 0.8281615385121821, 3: 0.1650080254181782}}, 'ETH': {'digital': {16: False, 18: False, 9: False, 11: False, 13: False, 15: False}, 'analog': {1: 0.9190877813248797, 3: -0.740787517898384}}}"
0.9279379844665527,STATE,"{'sequence_executing': None, 'arming_switch': False, 'manual_switch': False, 'current_sequence': [], 'sequence_running': False, 'data_logging': True, 'aborting': False, 'time': 1630851343970, 'LOX': {'digital': {14: False, 12: False, 10: False, 8: False, 19: False, 17: False}, 'analog': {1: 0.8417618647340167, 3: 0.14058371785777626}}, 'ETH': {'digital': {16: False, 18: False, 9: False, 11: False, 13: False, 15: False}, 'analog': {1: 0.9090689899206349, 3: -0.7571615962886252}}}"
0.949458122253418,STATE,"{'sequence_executing': None, 'arming_switch': False, 'manual_switch': False, 'current_sequence': [], 'sequence_running': False, 'data_logging': True, 'aborting': False, 'time': 1630851343991, 'LOX': {'digital': {14: False, 12: False, 10: False, 8: False, 19: False, 17: False}, 'analog': {1: 0.8526600654236679, 3: 0.12024220335053167}}, 'ETH': {'digital': {16: False, 18: False, 9: False, 11: False, 13: False, 15: False}, 'analog': {1: 0.9003304137058681, 3: -0.7704030326770273}}}"
0.9741952419281006,STATE,"{'sequence_executing': None, 'arming_switch': False, 'manual_switch': False, 'current_sequence': [], 'sequence_running': False, 'data_logging': True, 'aborting': False, 'time': 1630851344012, 'LOX': {'digital': {14: False, 12: False, 10: False, 8: False, 19: False, 17: False}, 'analog': {1: 0.8637435161406843, 3: 0.09877371697036992}}, 'ETH': {'digital': {16: False, 18: False, 9: False, 11: False, 13: False, 15: False}, 'analog': {1: 0.8907201067169992, 3: -0.7839934894400393}}}"
0.9987208843231201,STATE,"{'sequence_executing': None, 'arming_switch': False, 'manual_switch': False, 'current_sequence': [], 'sequence_running': False, 'data_logging': True, 'aborting': False, 'time': 1630851344037, 'LOX': {'digital': {14: False, 12: False, 10: False, 8: False, 19: False, 17: False}, 'analog': {1: 0.8758979079639733, 3: 0.07422876361131055}}, 'ETH': {'digital': {16: False, 18: False, 9: False, 11: False, 13: False, 15: False}, 'analog': {1: 0.879253496128706, 3: -0.7990461765058531}}}"
1.0127708911895752,REQUEST,"{""command"":{""header"":""PING"",""data"":null},""time"":1630851344074}"
1.0196762084960938,STATE,"{'sequence_executing': None, 'arming_switch': False, 'manual_switch': False, 'current_sequence': [], 'sequence_running': False, 'data_logging': True, 'aborting': False, 'time': 1630851344062, 'LOX': {'digital': {14: False, 12: False, 10: False, 8: False, 19: False, 17: False}, 'analog': {1: 0.8875006823771195, 3: 0.049675424761137364}}, 'ETH': {'digital': {16: False, 18: False, 9: False, 11: False, 13: False, 15: False}, 'analog': {1: 0.8672668778898465, 3: -0.8135986080368334}}}"
1.0401298999786377,STATE,"{'sequence_executing': None, 'arming_switch': False, 'manual_switch': False, 'current_sequence': [], 'sequence_running': False, 'data_logging': True, 'aborting': False, 'time': 1630851344083, 'LOX': {'digital': {14: False, 12: False, 10: False, 8: False, 19: False, 17: False}, 'analog': {1: 0.8969338497962576, 3: 0.028799990097844383}}, 'ETH': {'digital': {16: False, 18: False, 9: False, 11: False, 13: False, 15: False}, 'analog': {1: 0.8566801791217477, 3: -0.825564600299046}}}"
1.0636751651763916,STATE,"{'sequence_executing': None, 'arming_switch': False, 'manual_switch': False, 'current_sequence': [], 'sequence_running': False, 'data_logging': True, 'aborting': False, 'time': 1630851344103, 'LOX': {'digital': {14: False, 12: False, 10: False, 8: False, 19: False, 17: False}, 'analog': {1: 0.9057883982286614, 3: 0.008352806882899107}}, 'ETH': {'digital': {16: False, 18: False, 9: False, 11: False, 13: False, 15: False}, 'analog': {1: 0.8459521278928211, 3: -0.8369318512404043}}}"
1.0869660377502441,STATE,"{'sequence_executing': None, 'arming_switch': False, 'manual_switch': False, 'current_sequence': [], 'sequence_running': False, 'data_logging': True, 'aborting': False, 'time': 1630851344126, 'LOX': {'digital': {14: False, 12: False, 10: False, 8: False, 19: False, 17: False}, 'analog': {1: 0.9154982922952151, 3: -0.015154349362976136}}, 'ETH': {'digital': {16: False, 18: False, 9: False, 11: False, 13: False, 15: False}, 'analog': {1: 0.8331843161341448, 3: -0.8495642976496127}}}"
1.1075408458709717,STATE,"{'sequence_executing': None, 'arming_switch': False, 'manual_switch': False, 'current_sequence': [], 'sequence_running': False, 'data_logging': True, 'aborting': False, 'time': 1630851344150, 'LOX': {'digital': {14: False, 12: False, 10: False, 8: False, 19: False, 17: False}, 'analog': {1: 0.9246530766340576, 3: -0.03852543425173996}}, 'ETH': {'digital': {16: False, 18: False, 9: False, 11: False, 13: False, 15: False}, 'analog': {1: 0.820028183487918, 3: -0.8616646992696204}}}"
1.1320390701293945,STATE,"{'sequence_executing': None, 'arming_switch': False, 'manual_switch': False, 'current_sequence': [], 'sequence_running': False, 'data_logging': True, 'aborting': False, 'time': 1630851344170, 'LOX': {'digital': {14: False, 12: False, 10: False, 8: False, 19: False, 17: False}, 'analog': {1: 0.9323053741882867, 3: -0.05911439577713449}}, 'ETH': {'digital': {16: False, 18: False, 9: False, 11: False, 13: False, 15: False}, 'analog': {1: 0.8080533277441249, 3: -0.871945497553648}}}"
1.1532649993896484,STATE,"{'sequence_executing': None, 'arming_switch': False, 'manual_switch': False, 'current_sequence': [], 'sequence_running': False, 'data_logging': True, 'aborting': False, 'time': 1630851344195, 'LOX': {'digital': {14: False, 12: False, 10: False, 8: False, 19: False, 17: False}, 'analog': {1: 0.940893456526663, 3: -0.08357145132751768}}, 'ETH': {'digital': {16: False, 18: False, 9: False, 11: False, 13: False, 15: False}, 'analog': {1: 0.7933692837487105, 3: -0.8836848711725862}}}"
1.1741139888763428,STATE,"{'sequence_executing': None, 'arming_switch': False, 'manual_switch': False, 'current_sequence': [], 'sequence_running': False, 'data_logging': True, 'aborting': False, 'time': 1630851344216, 'LOX': {'digital': {14: False, 12: False, 10: False, 8: False, 19: False, 17: False}, 'analog': {1: 0.9478422106730149, 3: -0.10461522079218265}}, 'ETH': {'digital': {16: False, 18: False, 9: False, 11: False, 13: False, 15: False}, 'analog': {1: 0.7803274118468161, 3: -0.8933796299407255}}}"
1.1987078189849854,STATE,"{'sequence_executing': None, 'arming_switch': False, 'manual_switch': False, 'current_sequence': [], 'sequence_running': False, 'data_logging': True, 'aborting': False, 'time': 1630851344237, 'LOX': {'digital': {14: False, 12: False, 10: False, 8: False, 19: False, 17: False}, 'analog': {1: 0.9542614665479117, 3: -0.12525910106594082}}, 'ETH': {'digital': {16: False, 18: False, 9: False, 11: False, 13: False, 15: False}, 'analog': {1: 0.7671633847845862, 3: -0.902523036770832}}}"
1.219182014465332,STATE,"{'sequence_executing': None, 'arming_switch': False, 'manual_switch': False, 'current_sequence': [], 'sequence_running': False, 'data_logging': True, 'aborting': False, 'time': 1630851344262, 'LOX': {'digital': {14: False, 12: False, 10: False, 8: False, 19: False, 17: False}, 'analog': {1: 0.9613520270443712, 3: -0.1497188428882495}}, 'ETH': {'digital': {16: False, 18: False, 9: False, 11: False, 13: False, 15: False}, 'analog': {1: 0.7510870214107653, 3: -0.9128843519365528}}}"
1.2427570819854736,STATE,"{'sequence_executing': None, 'arming_switch': False, 'manual_switch': False, 'current_sequence': [], 'sequence_running': False, 'data_logging': True, 'aborting': False, 'time': 1630851344282, 'LOX': {'digital': {14: False, 12: False, 10: False, 8: False, 19: False, 17: False}, 'analog': {1: 0.966768190018482, 3: -0.1698545221710036}}, 'ETH': {'digital': {16: False, 18: False, 9: False, 11: False, 13: False, 15: False}, 'analog': {1: 0.737467522830074, 3: -0.9210188060272481}}}"
1.265275001525879,STATE,"{'sequence_executing': None, 'arming_switch': False, 'manual_switch': False, 'current_sequence': [], 'sequence_running': False, 'data_logging': True, 'aborting': False, 'time': 1630851344306, 'LOX': {'digital': {14: False, 12: False, 10: False, 8: False, 19: False, 17: False}, 'analog': {1: 0.9725409338957158, 3: -0.19310130258677904}}, 'ETH': {'digital': {16: False, 18: False, 9: False, 11: False, 13: False, 15: False}, 'analog': {1: 0.7212969654012635, 3: -0.9299687826452143}}}"
1.2909300327301025,STATE,"{'sequence_executing': None, 'arming_switch': False, 'manual_switch': False, 'current_sequence': [], 'sequence_running': False, 'data_logging': True, 'aborting': False, 'time': 1630851344330, 'LOX': {'digital': {14: False, 12: False, 10: False, 8: False, 19: False, 17: False}, 'analog': {1: 0.9778362866849534, 3: -0.2165467316879004}}, 'ETH': {'digital': {16: False, 18: False, 9: False, 11: False, 13: False, 15: False}, 'analog': {1: 0.7044996767914178, 3: -0.9385078602535188}}}"
1.3130128383636475,STATE,"{'sequence_executing': None, 'arming_switch': False, 'manual_switch': False, 'current_sequence': [], 'sequence_running': False, 'data_logging': True, 'aborting': False, 'time': 1630851344354, 'LOX': {'digital': {14: False, 12: False, 10: False, 8: False, 19: False, 17: False}, 'analog': {1: 0.9826058431340767, 3: -0.24005053055194506}}, 'ETH': {'digital': {16: False, 18: False, 9: False, 11: False, 13: False, 15: False}, 'analog': {1: 0.6871632122262719, 3: -0.9465684823140663}}}"
1.3342881202697754,STATE,"{'sequence_executing': None, 'arming_switch': False, 'manual_switch': False, 'current_sequence': [], 'sequence_running': False, 'data_logging': True, 'aborting': False, 'time': 1630851344376, 'LOX': {'digital': {14: False, 12: False, 10: False, 8: False, 19: False, 17: False}, 'analog': {1: 0.986482888799707, 3: -0.2615251761020409}}, 'ETH': {'digital': {16: False, 18: False, 9: False, 11: False, 13: False, 15: False}, 'analog': {1: 0.6708750749438355, 3: -0.9534909410888248}}}"
1.3551669120788574,STATE,"{'sequence_executing': None, 'arming_switch': False, 'manual_switch': False, 'current_sequence': [], 'sequence_running': False, 'data_logging': True, 'aborting': False, 'time': 1630851344397, 'LOX': {'digital': {14: False, 12: False, 10: False, 8: False, 19: False, 17: False}, 'analog': {1: 0.9897488689154144, 3: -0.2820210025306152}}, 'ETH': {'digital': {16: False, 18: False, 9: False, 11: False, 13: False, 15: False}, 'analog': {1: 0.654928582696956, 3: -0.9596947405899521}}}"
1.378918170928955,STATE,"{'sequence_executing': None, 'arming_switch': False, 'manual_switch': False, 'current_sequence': [], 'sequence_running': False, 'data_logging': True, 'aborting': False, 'time': 1630851344418, 'LOX': {'digital': {14: False, 12: False, 10: False, 8: False, 19: False, 17: False}, 'analog': {1: 0.9924991702593733, 3: -0.3018645810899608}}, 'ETH': {'digital': {16: False, 18: False, 9: False, 11: False, 13: False, 15: False}, 'analog': {1: 0.6391158018692743, 3: -0.9653165470481179}}}"
1.4019529819488525,STATE,"{'sequence_executing': None, 'arming_switch': False, 'manual_switch': False, 'current_sequence': [], 'sequence_running': False, 'data_logging': True, 'aborting': False, 'time': 1630851344442, 'LOX': {'digital': {14: False, 12: False, 10: False, 8: False, 19: False, 17: False}, 'analog': {1: 0.9951225888630978, 3: -0.32442149600470954}}, 'ETH': {'digital': {16: False, 18: False, 9: False, 11: False, 13: False, 15: False}, 'analog': {1: 0.6206693542063777, 3: -0.9712446181544878}}}"
1.4275259971618652,STATE,"{'sequence_executing': None, 'arming_switch': False, 'manual_switch': False, 'current_sequence': [], 'sequence_running': False, 'data_logging': True, 'aborting': False, 'time': 1630851344465, 'LOX': {'digital': {14: False, 12: False, 10: False, 8: False, 19: False, 17: False}, 'analog': {1: 0.9971353748663284, 3: -0.34618147340022826}}, 'ETH': {'digital': {16: False, 18: False, 9: False, 11: False, 13: False, 15: False}, 'analog': {1: 0.6023926210016359, 3: -0.9764851841164429}}}"
1.4484939575195312,STATE,"{'sequence_executing': None, 'arming_switch': False, 'manual_switch': False, 'current_sequence': [], 'sequence_running': False, 'data_logging': True, 'aborting': False, 'time': 1630851344491, 'LOX': {'digital': {14: False, 12: False, 10: False, 8: False, 19: False, 17: False}, 'analog': {1: 0.9987553183381204, 3: -0.3702795872952218}}, 'ETH': {'digital': {16: False, 18: False, 9: False, 11: False, 13: False, 15: False}, 'analog': {1: 0.5815876900387664, 3: -0.9817248915408902}}}"
1.4727909564971924,STATE,"{'sequence_executing': None, 'arming_switch': False, 'manual_switch': False, 'current_sequence': [], 'sequence_running': False, 'data_logging': True, 'aborting': False, 'time': 1630851344511, 'LOX': {'digital': {14: False, 12: False, 10: False, 8: False, 19: False, 17: False}, 'analog': {1: 0.9995757638662859, 3: -0.3894892232964707}}, 'ETH': {'digital': {16: False, 18: False, 9: False, 11: False, 13: False, 15: False}, 'analog': {1: 0.5645722655927686, 3: -0.985464305896672}}}"
1.497063159942627,STATE,"{'sequence_executing': None, 'arming_switch': False, 'manual_switch': False, 'current_sequence': [], 'sequence_running': False, 'data_logging': True, 'aborting': False, 'time': 1630851344536, 'LOX': {'digital': {14: False, 12: False, 10: False, 8: False, 19: False, 17: False}, 'analog': {1: 0.9999878341909689, 3: -0.41165931246683546}}, 'ETH': {'digital': {16: False, 18: False, 9: False, 11: False, 13: False, 15: False}, 'analog': {1: 0.5444406519655608, 3: -0.9892853601761867}}}"
1.5206220149993896,STATE,"{'sequence_executing': None, 'arming_switch': False, 'manual_switch': False, 'current_sequence': [], 'sequence_running': False, 'data_logging': True, 'aborting': False, 'time': 1630851344560, 'LOX': {'digital': {14: False, 12: False, 10: False, 8: False, 19: False, 17: False}, 'analog': {1: 0.9998117787220291, 3: -0.43371342062753127}}, 'ETH': {'digital': {16: False, 18: False, 9: False, 11: False, 13: False, 15: False}, 'analog': {1: 0.5238648960793538, 3: -0.9925455986106437}}}"
1.5421569347381592,STATE,"{'sequence_executing': None, 'arming_switch': False, 'manual_switch': False, 'current_sequence': [], 'sequence_running': False, 'data_logging': True, 'aborting': False, 'time': 1630851344584, 'LOX': {'digital': {14: False, 12: False, 10: False, 8: False, 19: False, 17: False}, 'analog': {1: 0.9990746928891915, 3: -0.45487509671409676}}, 'ETH': {'digital': {16: False, 18: False, 9: False, 11: False, 13: False, 15: False}, 'analog': {1: 0.5035950075217648, 3: -0.995148035410502}}}"
1.5661380290985107,STATE,"{'sequence_executing': None, 'arming_switch': False, 'manual_switch': False, 'current_sequence': [], 'sequence_running': False, 'data_logging': True, 'aborting': False, 'time': 1630851344605, 'LOX': {'digital': {14: False, 12: False, 10: False, 8: False, 19: False, 17: False}, 'analog': {1: 0.9979207022411745, 3: -0.47389180400451814}}, 'ETH': {'digital': {16: False, 18: False, 9: False, 11: False, 13: False, 15: False}, 'analog': {1: 0.4849333950247805, 3: -0.997030624032448}}}"
1.5867230892181396,STATE,"{'sequence_executing': None, 'arming_switch': False, 'manual_switch': False, 'current_sequence': [], 'sequence_running': False, 'data_logging': True, 'aborting': False, 'time': 1630851344629, 'LOX': {'digital': {14: False, 12: False, 10: False, 8: False, 19: False, 17: False}, 'analog': {1: 0.996093575004761, 3: -0.4948176209002758}}, 'ETH': {'digital': {16: False, 18: False, 9: False, 11: False, 13: False, 15: False}, 'analog': {1: 0.4638809413862783, 3: -0.9985870012210901}}}"
1.6089320182800293,STATE,"{'sequence_executing': None, 'arming_switch': False, 'manual_switch': False, 'current_sequence': [], 'sequence_running': False, 'data_logging': True, 'aborting': False, 'time': 1630851344650, 'LOX': {'digital': {14: False, 12: False, 10: False, 8: False, 19: False, 17: False}, 'analog': {1: 0.9940662205513192, 3: -0.5125894350807597}}, 'ETH': {'digital': {16: False, 18: False, 9: False, 11: False, 13: False, 15: False}, 'analog': {1: 0.44555858056352676, 3: -0.9994688486924903}}}"
1.6315791606903076,STATE,"{'sequence_executing': None, 'arming_switch': False, 'manual_switch': False, 'current_sequence': [], 'sequence_running': False, 'data_logging': True, 'aborting': False, 'time': 1630851344672, 'LOX': {'digital': {14: False, 12: False, 10: False, 8: False, 19: False, 17: False}, 'analog': {1: 0.9913981310184518, 3: -0.5315800716816029}}, 'ETH': {'digital': {16: False, 18: False, 9: False, 11: False, 13: False, 15: False}, 'analog': {1: 0.425512497876976, 3: -0.9999467130535129}}}"
1.6533229351043701,STATE,"{'sequence_executing': None, 'arming_switch': False, 'manual_switch': False, 'current_sequence': [], 'sequence_running': False, 'data_logging': True, 'aborting': False, 'time': 1630851344696, 'LOX': {'digital': {14: False, 12: False, 10: False, 8: False, 19: False, 17: False}, 'analog': {1: 0.9879541327477062, 3: -0.5518482100390623}}, 'ETH': {'digital': {16: False, 18: False, 9: False, 11: False, 13: False, 15: False}, 'analog': {1: 0.4035670125293271, 3: -0.9999048714094788}}}"
1.6738972663879395,STATE,"{'sequence_executing': None, 'arming_switch': False, 'manual_switch': False, 'current_sequence': [], 'sequence_running': False, 'data_logging': True, 'aborting': False, 'time': 1630851344716, 'LOX': {'digital': {14: False, 12: False, 10: False, 8: False, 19: False, 17: False}, 'analog': {1: 0.9846232331140073, 3: -0.5685958624907058}}, 'ETH': {'digital': {16: False, 18: False, 9: False, 11: False, 13: False, 15: False}, 'analog': {1: 0.3849909492224422, 3: -0.9994218633498934}}}"
1.6968722343444824,STATE,"{'sequence_executing': None, 'arming_switch': False, 'manual_switch': False, 'current_sequence': [], 'sequence_running': False, 'data_logging': True, 'aborting': False, 'time': 1630851344737, 'LOX': {'digital': {14: False, 12: False, 10: False, 8: False, 19: False, 17: False}, 'analog': {1: 0.9808186609291949, 3: -0.5854085948935608}}, 'ETH': {'digital': {16: False, 18: False, 9: False, 11: False, 13: False, 15: False}, 'analog': {1: 0.36591168837582255, 3: -0.9985101927260467}}}"
1.7185378074645996,STATE,"{'sequence_executing': None, 'arming_switch': False, 'manual_switch': False, 'current_sequence': [], 'sequence_running': False, 'data_logging': True, 'aborting': False, 'time': 1630851344760, 'LOX': {'digital': {14: False, 12: False, 10: False, 8: False, 19: False, 17: False}, 'analog': {1: 0.9760833706480236, 3: -0.6038743974821691}}, 'ETH': {'digital': {16: False, 18: False, 9: False, 11: False, 13: False, 15: False}, 'analog': {1: 0.3444407282179864, 3: -0.9969936781025653}}}"
1.7396750450134277,STATE,"{'sequence_executing': None, 'arming_switch': False, 'manual_switch': False, 'current_sequence': [], 'sequence_running': False, 'data_logging': True, 'aborting': False, 'time': 1630851344781, 'LOX': {'digital': {14: False, 12: False, 10: False, 8: False, 19: False, 17: False}, 'analog': {1: 0.9711302546799803, 3: -0.6210487201132798}}, 'ETH': {'digital': {16: False, 18: False, 9: False, 11: False, 13: False, 15: False}, 'analog': {1: 0.3239616695542239, 3: -0.9950747342757303}}}"
1.7601051330566406,STATE,"{'sequence_executing': None, 'arming_switch': False, 'manual_switch': False, 'current_sequence': [], 'sequence_running': False, 'data_logging': True, 'aborting': False, 'time': 1630851344803, 'LOX': {'digital': {14: False, 12: False, 10: False, 8: False, 19: False, 17: False}, 'analog': {1: 0.965883884851838, 3: -0.6374376870266232}}, 'ETH': {'digital': {16: False, 18: False, 9: False, 11: False, 13: False, 15: False}, 'analog': {1: 0.30394231564013025, 3: -0.9927634815551739}}}"
1.784235954284668,STATE,"{'sequence_executing': None, 'arming_switch': False, 'manual_switch': False, 'current_sequence': [], 'sequence_running': False, 'data_logging': True, 'aborting': False, 'time': 1630851344823, 'LOX': {'digital': {14: False, 12: False, 10: False, 8: False, 19: False, 17: False}, 'analog': {1: 0.9603929221939794, 3: -0.6530410166266122}}, 'ETH': {'digital': {16: False, 18: False, 9: False, 11: False, 13: False, 15: False}, 'analog': {1: 0.28442057699878787, 3: -0.990103808597597}}}"
1.8054580688476562,STATE,"{'sequence_executing': None, 'arming_switch': False, 'manual_switch': False, 'current_sequence': [], 'sequence_running': False, 'data_logging': True, 'aborting': False, 'time': 1630851344847, 'LOX': {'digital': {14: False, 12: False, 10: False, 8: False, 19: False, 17: False}, 'analog': {1: 0.9533841795895039, 3: -0.6711389590762443}}, 'ETH': {'digital': {16: False, 18: False, 9: False, 11: False, 13: False, 15: False}, 'analog': {1: 0.2611853260946313, 3: -0.9864257986217976}}}"
1.8328628540039062,STATE,"{'sequence_executing': None, 'arming_switch': False, 'manual_switch': False, 'current_sequence': [], 'sequence_running': False, 'data_logging': True, 'aborting': False, 'time': 1630851344871, 'LOX': {'digital': {14: False, 12: False, 10: False, 8: False, 19: False, 17: False}, 'analog': {1: 0.9460195209093186, 3: -0.6883978697963727}}, 'ETH': {'digital': {16: False, 18: False, 9: False, 11: False, 13: False, 15: False}, 'analog': {1: 0.23839793623551744, 3: -0.9822885290138968}}}"
1.8574719429016113,STATE,"{'sequence_executing': None, 'arming_switch': False, 'manual_switch': False, 'current_sequence': [], 'sequence_running': False, 'data_logging': True, 'aborting': False, 'time': 1630851344896, 'LOX': {'digital': {14: False, 12: False, 10: False, 8: False, 19: False, 17: False}, 'analog': {1: 0.9375908052107461, 3: -0.7063772181510013}}, 'ETH': {'digital': {16: False, 18: False, 9: False, 11: False, 13: False, 15: False}, 'analog': {1: 0.21395981779758896, 3: -0.9772788872049539}}}"
1.8810889720916748,STATE,"{'sequence_executing': None, 'arming_switch': False, 'manual_switch': False, 'current_sequence': [], 'sequence_running': False, 'data_logging': True, 'aborting': False, 'time': 1630851344920, 'LOX': {'digital': {14: False, 12: False, 10: False, 8: False, 19: False, 17: False}, 'analog': {1: 0.9287542651224201, 3: -0.7235723733130949}}, 'ETH': {'digital': {16: False, 18: False, 9: False, 11: False, 13: False, 15: False}, 'analog': {1: 0.18987113107352038, 3: -0.9717706869162356}}}"
1.9024949073791504,STATE,"{'sequence_executing': None, 'arming_switch': False, 'manual_switch': False, 'current_sequence': [], 'sequence_running': False, 'data_logging': True, 'aborting': False, 'time': 1630851344944, 'LOX': {'digital': {14: False, 12: False, 10: False, 8: False, 19: False, 17: False}, 'analog': {1: 0.9197440541034873, 3: -0.7396660424371373}}, 'ETH': {'digital': {16: False, 18: False, 9: False, 11: False, 13: False, 15: False}, 'analog': {1: 0.16664115301640683, 3: -0.9659301552165159}}}"
1.9252278804779053,STATE,"{'sequence_executing': None, 'arming_switch': False, 'manual_switch': False, 'current_sequence': [], 'sequence_running': False, 'data_logging': True, 'aborting': False, 'time': 1630851344965, 'LOX': {'digital': {14: False, 12: False, 10: False, 8: False, 19: False, 17: False}, 'analog': {1: 0.911121438422798, 3: -0.7539181995333307}}, 'ETH': {'digital': {16: False, 18: False, 9: False, 11: False, 13: False, 15: False}, 'analog': {1: 0.14547012445976593, 3: -0.9601615060790873}}}"
1.947270154953003,STATE,"{'sequence_executing': None, 'arming_switch': False, 'manual_switch': False, 'current_sequence': [], 'sequence_running': False, 'data_logging': True, 'aborting': False, 'time': 1630851344988, 'LOX': {'digital': {14: False, 12: False, 10: False, 8: False, 19: False, 17: False}, 'analog': {1: 0.901527609734903, 3: -0.7686421629490708}}, 'ETH': {'digital': {16: False, 18: False, 9: False, 11: False, 13: False, 15: False}, 'analog': {1: 0.12293432904112088, 3: -0.9535580296346484}}}"
1.9705140590667725,STATE,"{'sequence_executing': None, 'arming_switch': False, 'manual_switch': False, 'current_sequence': [], 'sequence_running': False, 'data_logging': True, 'aborting': False, 'time': 1630851345010, 'LOX': {'digital': {14: False, 12: False, 10: False, 8: False, 19: False, 17: False}, 'analog': {1: 0.8917623676672022, 3: -0.7825673440652057}}, 'ETH': {'digital': {16: False, 18: False, 9: False, 11: False, 13: False, 15: False}, 'analog': {1: 0.10104325457109742, 3: -0.946692273446023}}}"
1.9912948608398438,STATE,"{'sequence_executing': None, 'arming_switch': False, 'manual_switch': False, 'current_sequence': [], 'sequence_running': False, 'data_logging': True, 'aborting': False, 'time': 1630851345033, 'LOX': {'digital': {14: False, 12: False, 10: False, 8: False, 19: False, 17: False}, 'analog': {1: 0.8809954415062143, 3: -0.7968370354800294}}, 'ETH': {'digital': {16: False, 18: False, 9: False, 11: False, 13: False, 15: False}, 'analog': {1: 0.07787218258695379, 3: -0.9389421439808137}}}"
2.0103020668029785,REQUEST,"{""command"":{""header"":""PING"",""data"":null},""time"":1630851345072}"
2.0123019218444824,STATE,"{'sequence_executing': None, 'arming_switch': False, 'manual_switch': False, 'current_sequence': [], 'sequence_running': False, 'data_logging': True, 'aborting': False, 'time': 1630851345055, 'LOX': {'digital': {14: False, 12: False, 10: False, 8: False, 19: False, 17: False}, 'analog': {1: 0.8707871145420267, 3: -0.8094423829529362}}, 'ETH': {'digital': {16: False, 18: False, 9: False, 11: False, 13: False, 15: False}, 'analog': {1: 0.0567635484012396, 3: -0.9314529451673077}}}"
2.0376501083374023,STATE,"{'sequence_executing': None, 'arming_switch': False, 'manual_switch': False, 'current_sequence': [], 'sequence_running': False, 'data_logging': True, 'aborting': False, 'time': 1630851345075, 'LOX': {'digital': {14: False, 12: False, 10: False, 8: False, 19: False, 17: False}, 'analog': {1: 0.8604815125494919, 3: -0.821358657953144}}, 'ETH': {'digital': {16: False, 18: False, 9: False, 11: False, 13: False, 15: False}, 'analog': {1: 0.036197053370074554, 3: -0.9237644627360887}}}"
2.0628609657287598,STATE,"{'sequence_executing': None, 'arming_switch': False, 'manual_switch': False, 'current_sequence': [], 'sequence_running': False, 'data_logging': True, 'aborting': False, 'time': 1630851345101, 'LOX': {'digital': {14: False, 12: False, 10: False, 8: False, 19: False, 17: False}, 'analog': {1: 0.8472411218112275, 3: -0.8356059946277722}}, 'ETH': {'digital': {16: False, 18: False, 9: False, 11: False, 13: False, 15: False}, 'analog': {1: 0.010755717482262053, 3: -0.9137200118258826}}}"
2.086214065551758,STATE,"{'sequence_executing': None, 'arming_switch': False, 'manual_switch': False, 'current_sequence': [], 'sequence_running': False, 'data_logging': True, 'aborting': False, 'time': 1630851345126, 'LOX': {'digital': {14: False, 12: False, 10: False, 8: False, 19: False, 17: False}, 'analog': {1: 0.8334882233205008, 3: -0.849277308358613}}, 'ETH': {'digital': {16: False, 18: False, 9: False, 11: False, 13: False, 15: False}, 'analog': {1: -0.014625357192703256, 3: -0.9031134661386682}}}"
2.1084980964660645,STATE,"{'sequence_executing': None, 'arming_switch': False, 'manual_switch': False, 'current_sequence': [], 'sequence_running': False, 'data_logging': True, 'aborting': False, 'time': 1630851345149, 'LOX': {'digital': {14: False, 12: False, 10: False, 8: False, 19: False, 17: False}, 'analog': {1: 0.820510796818571, 3: -0.8612370493930368}}, 'ETH': {'digital': {16: False, 18: False, 9: False, 11: False, 13: False, 15: False}, 'analog': {1: -0.037693957890178126, 3: -0.8929649953118668}}}"
2.1341211795806885,STATE,"{'sequence_executing': None, 'arming_switch': False, 'manual_switch': False, 'current_sequence': [], 'sequence_running': False, 'data_logging': True, 'aborting': False, 'time': 1630851345172, 'LOX': {'digital': {14: False, 12: False, 10: False, 8: False, 19: False, 17: False}, 'analog': {1: 0.8074519020517343, 3: -0.87244791227088}}, 'ETH': {'digital': {16: False, 18: False, 9: False, 11: False, 13: False, 15: False}, 'analog': {1: -0.060158476429608435, 3: -0.8826152224645536}}}"
2.1564478874206543,STATE,"{'sequence_executing': None, 'arming_switch': False, 'manual_switch': False, 'current_sequence': [], 'sequence_running': False, 'data_logging': True, 'aborting': False, 'time': 1630851345197, 'LOX': {'digital': {14: False, 12: False, 10: False, 8: False, 19: False, 17: False}, 'analog': {1: 0.7921014100596548, 3: -0.8846658905071904}}, 'ETH': {'digital': {16: False, 18: False, 9: False, 11: False, 13: False, 15: False}, 'analog': {1: -0.08567982546133583, 3: -0.8702978298902052}}}"
2.1788158416748047,STATE,"{'sequence_executing': None, 'arming_switch': False, 'manual_switch': False, 'current_sequence': [], 'sequence_running': False, 'data_logging': True, 'aborting': False, 'time': 1630851345219, 'LOX': {'digital': {14: False, 12: False, 10: False, 8: False, 19: False, 17: False}, 'analog': {1: 0.7783385146171535, 3: -0.8948027339039445}}, 'ETH': {'digital': {16: False, 18: False, 9: False, 11: False, 13: False, 15: False}, 'analog': {1: -0.10778627110396079, 3: -0.8591445374140684}}}"
2.2004141807556152,STATE,"{'sequence_executing': None, 'arming_switch': False, 'manual_switch': False, 'current_sequence': [], 'sequence_running': False, 'data_logging': True, 'aborting': False, 'time': 1630851345242, 'LOX': {'digital': {14: False, 12: False, 10: False, 8: False, 19: False, 17: False}, 'analog': {1: 0.7640476977486905, 3: -0.9045993613476253}}, 'ETH': {'digital': {16: False, 18: False, 9: False, 11: False, 13: False, 15: False}, 'analog': {1: -0.130074286459254, 3: -0.8474417551157676}}}"
2.22253680229187,STATE,"{'sequence_executing': None, 'arming_switch': False, 'manual_switch': False, 'current_sequence': [], 'sequence_running': False, 'data_logging': True, 'aborting': False, 'time': 1630851345263, 'LOX': {'digital': {14: False, 12: False, 10: False, 8: False, 19: False, 17: False}, 'analog': {1: 0.750025775122016, 3: -0.9135388648450264}}, 'ETH': {'digital': {16: False, 18: False, 9: False, 11: False, 13: False, 15: False}, 'analog': {1: -0.1513213823907932, 3: -0.8358540811356137}}}"
2.245561122894287,STATE,"{'sequence_executing': None, 'arming_switch': False, 'manual_switch': False, 'current_sequence': [], 'sequence_running': False, 'data_logging': True, 'aborting': False, 'time': 1630851345285, 'LOX': {'digital': {14: False, 12: False, 10: False, 8: False, 19: False, 17: False}, 'analog': {1: 0.7351968037526769, 3: -0.9223216611799631}}, 'ETH': {'digital': {16: False, 18: False, 9: False, 11: False, 13: False, 15: False}, 'analog': {1: -0.17317439349848918, 3: -0.8234923601117752}}}"
2.2683629989624023,STATE,"{'sequence_executing': None, 'arming_switch': False, 'manual_switch': False, 'current_sequence': [], 'sequence_running': False, 'data_logging': True, 'aborting': False, 'time': 1630851345308, 'LOX': {'digital': {14: False, 12: False, 10: False, 8: False, 19: False, 17: False}, 'analog': {1: 0.7194067976433642, 3: -0.9309678852883798}}, 'ETH': {'digital': {16: False, 18: False, 9: False, 11: False, 13: False, 15: False}, 'analog': {1: -0.1957870420305572, 3: -0.8102225645368365}}}"
2.2927510738372803,STATE,"{'sequence_executing': None, 'arming_switch': False, 'manual_switch': False, 'current_sequence': [], 'sequence_running': False, 'data_logging': True, 'aborting': False, 'time': 1630851345331, 'LOX': {'digital': {14: False, 12: False, 10: False, 8: False, 19: False, 17: False}, 'analog': {1: 0.7033569587599184, 3: -0.9390628506299417}}, 'ETH': {'digital': {16: False, 18: False, 9: False, 11: False, 13: False, 15: False}, 'analog': {1: -0.21813294705775163, 3: -0.7966246362668892}}}"
2.31516695022583,STATE,"{'sequence_executing': None, 'arming_switch': False, 'manual_switch': False, 'current_sequence': [], 'sequence_running': False, 'data_logging': True, 'aborting': False, 'time': 1630851345356, 'LOX': {'digital': {14: False, 12: False, 10: False, 8: False, 19: False, 17: False}, 'analog': {1: 0.6858172190538412, 3: -0.9471647571620269}}, 'ETH': {'digital': {16: False, 18: False, 9: False, 11: False, 13: False, 15: False}, 'analog': {1: -0.24186164965740117, 3: -0.781650508704184}}}"
2.3385729789733887,STATE,"{'sequence_executing': None, 'arming_switch': False, 'manual_switch': False, 'current_sequence': [], 'sequence_running': False, 'data_logging': True, 'aborting': False, 'time': 1630851345378, 'LOX': {'digital': {14: False, 12: False, 10: False, 8: False, 19: False, 17: False}, 'analog': {1: 0.6693340195817089, 3: -0.9541151817264277}}, 'ETH': {'digital': {16: False, 18: False, 9: False, 11: False, 13: False, 15: False}, 'analog': {1: -0.2635466723127271, 3: -0.7674759875999138}}}"
2.360445022583008,STATE,"{'sequence_executing': None, 'arming_switch': False, 'manual_switch': False, 'current_sequence': [], 'sequence_running': False, 'data_logging': True, 'aborting': False, 'time': 1630851345401, 'LOX': {'digital': {14: False, 12: False, 10: False, 8: False, 19: False, 17: False}, 'analog': {1: 0.651734462073244, 3: -0.9608727302829297}}, 'ETH': {'digital': {16: False, 18: False, 9: False, 11: False, 13: False, 15: False}, 'analog': {1: -0.28609209205637043, 3: -0.7522337803889851}}}"
2.382784843444824,STATE,"{'sequence_executing': None, 'arming_switch': False, 'manual_switch': False, 'current_sequence': [], 'sequence_running': False, 'data_logging': True, 'aborting': False, 'time': 1630851345423, 'LOX': {'digital': {14: False, 12: False, 10: False, 8: False, 19: False, 17: False}, 'analog': {1: 0.6348991979273526, 3: -0.9667309599605871}}, 'ETH': {'digital': {16: False, 18: False, 9: False, 11: False, 13: False, 15: False}, 'analog': {1: -0.3070930555709219, 3: -0.7375631045125521}}}"
2.403064012527466,STATE,"{'sequence_executing': None, 'arming_switch': False, 'manual_switch': False, 'current_sequence': [], 'sequence_running': False, 'data_logging': True, 'aborting': False, 'time': 1630851345446, 'LOX': {'digital': {14: False, 12: False, 10: False, 8: False, 19: False, 17: False}, 'analog': {1: 0.6176303455265991, 3: -0.9721594557174394}}, 'ETH': {'digital': {16: False, 18: False, 9: False, 11: False, 13: False, 15: False}, 'analog': {1: -0.3280901093116255, 3: -0.7224302487387984}}}"
2.4285318851470947,STATE,"{'sequence_executing': None, 'arming_switch': False, 'manual_switch': False, 'current_sequence': [], 'sequence_running': False, 'data_logging': True, 'aborting': False, 'time': 1630851345466, 'LOX': {'digital': {14: False, 12: False, 10: False, 8: False, 19: False, 17: False}, 'analog': {1: 0.6015659910462327, 3: -0.9767079903168662}}, 'ETH': {'digital': {16: False, 18: False, 9: False, 11: False, 13: False, 15: False}, 'analog': {1: -0.3471645653222244, 3: -0.7082715331146525}}}"
2.45017409324646,STATE,"{'sequence_executing': None, 'arming_switch': False, 'manual_switch': False, 'current_sequence': [], 'sequence_running': False, 'data_logging': True, 'aborting': False, 'time': 1630851345491, 'LOX': {'digital': {14: False, 12: False, 10: False, 8: False, 19: False, 17: False}, 'analog': {1: 0.5809806598597935, 3: -0.9818669953659411}}, 'ETH': {'digital': {16: False, 18: False, 9: False, 11: False, 13: False, 15: False}, 'analog': {1: -0.37099283893797497, 3: -0.690017890449994}}}"
2.4729580879211426,STATE,"{'sequence_executing': None, 'arming_switch': False, 'manual_switch': False, 'current_sequence': [], 'sequence_running': False, 'data_logging': True, 'aborting': False, 'time': 1630851345513, 'LOX': {'digital': {14: False, 12: False, 10: False, 8: False, 19: False, 17: False}, 'analog': {1: 0.5631831367440799, 3: -0.9857491829595214}}, 'ETH': {'digital': {16: False, 18: False, 9: False, 11: False, 13: False, 15: False}, 'analog': {1: -0.39105544011634435, 3: -0.6741502687999597}}}"
2.4983410835266113,STATE,"{'sequence_executing': None, 'arming_switch': False, 'manual_switch': False, 'current_sequence': [], 'sequence_running': False, 'data_logging': True, 'aborting': False, 'time': 1630851345536, 'LOX': {'digital': {14: False, 12: False, 10: False, 8: False, 19: False, 17: False}, 'analog': {1: 0.5442880541336148, 3: -0.9893123541503362}}, 'ETH': {'digital': {16: False, 18: False, 9: False, 11: False, 13: False, 15: False}, 'analog': {1: -0.41183617052471977, 3: -0.6572194294802612}}}"
2.5237820148468018,STATE,"{'sequence_executing': None, 'arming_switch': False, 'manual_switch': False, 'current_sequence': [], 'sequence_running': False, 'data_logging': True, 'aborting': False, 'time': 1630851345561, 'LOX': {'digital': {14: False, 12: False, 10: False, 8: False, 19: False, 17: False}, 'analog': {1: 0.5228005239529175, 3: -0.9926974277535465}}, 'ETH': {'digital': {16: False, 18: False, 9: False, 11: False, 13: False, 15: False}, 'analog': {1: -0.43485487902625886, 3: -0.6378587966371134}}}"
2.54656720161438,STATE,"{'sequence_executing': None, 'arming_switch': False, 'manual_switch': False, 'current_sequence': [], 'sequence_running': False, 'data_logging': True, 'aborting': False, 'time': 1630851345587, 'LOX': {'digital': {14: False, 12: False, 10: False, 8: False, 19: False, 17: False}, 'analog': {1: 0.5009491156367314, 3: -0.9954444331179474}}, 'ETH': {'digital': {16: False, 18: False, 9: False, 11: False, 13: False, 15: False}, 'analog': {1: -0.45761765614633065, 3: -0.6180640779402433}}}"
2.570230007171631,STATE,"{'sequence_executing': None, 'arming_switch': False, 'manual_switch': False, 'current_sequence': [], 'sequence_running': False, 'data_logging': True, 'aborting': False, 'time': 1630851345610, 'LOX': {'digital': {14: False, 12: False, 10: False, 8: False, 19: False, 17: False}, 'analog': {1: 0.4808651655215602, 3: -0.9973779302297393}}, 'ETH': {'digital': {16: False, 18: False, 9: False, 11: False, 13: False, 15: False}, 'analog': {1: -0.4779980231433953, 3: -0.5997724247337184}}}"
2.5929489135742188,STATE,"{'sequence_executing': None, 'arming_switch': False, 'manual_switch': False, 'current_sequence': [], 'sequence_running': False, 'data_logging': True, 'aborting': False, 'time': 1630851345633, 'LOX': {'digital': {14: False, 12: False, 10: False, 8: False, 19: False, 17: False}, 'analog': {1: 0.46016965472040033, 3: -0.9988008488593784}}, 'ETH': {'digital': {16: False, 18: False, 9: False, 11: False, 13: False, 15: False}, 'analog': {1: -0.4984657037108629, 3: -0.5808428027280506}}}"
2.613758087158203,STATE,"{'sequence_executing': None, 'arming_switch': False, 'manual_switch': False, 'current_sequence': [], 'sequence_running': False, 'data_logging': True, 'aborting': False, 'time': 1630851345656, 'LOX': {'digital': {14: False, 12: False, 10: False, 8: False, 19: False, 17: False}, 'analog': {1: 0.43996965769558755, 3: -0.9996526136536722}}, 'ETH': {'digital': {16: False, 18: False, 9: False, 11: False, 13: False, 15: False}, 'analog': {1: -0.5179398541242453, 3: -0.5622884931712191}}}"
2.634428024291992,STATE,"{'sequence_executing': None, 'arming_switch': False, 'manual_switch': False, 'current_sequence': [], 'sequence_running': False, 'data_logging': True, 'aborting': False, 'time': 1630851345677, 'LOX': {'digital': {14: False, 12: False, 10: False, 8: False, 19: False, 17: False}, 'analog': {1: 0.4211981489092461, 3: -0.9999845411119712}}, 'ETH': {'digital': {16: False, 18: False, 9: False, 11: False, 13: False, 15: False}, 'analog': {1: -0.5356184995020035, 3: -0.5449694316330296}}}"
2.6638131141662598,STATE,"{'sequence_executing': None, 'arming_switch': False, 'manual_switch': False, 'current_sequence': [], 'sequence_running': False, 'data_logging': True, 'aborting': False, 'time': 1630851345697, 'LOX': {'digital': {14: False, 12: False, 10: False, 8: False, 19: False, 17: False}, 'analog': {1: 0.4022911497972451, 3: -0.9998846392858242}}, 'ETH': {'digital': {16: False, 18: False, 9: False, 11: False, 13: False, 15: False}, 'analog': {1: -0.5530245223745025, 3: -0.5274545532823014}}}"
2.6852920055389404,STATE,"{'sequence_executing': None, 'arming_switch': False, 'manual_switch': False, 'current_sequence': [], 'sequence_running': False, 'data_logging': True, 'aborting': False, 'time': 1630851345727, 'LOX': {'digital': {14: False, 12: False, 10: False, 8: False, 19: False, 17: False}, 'analog': {1: 0.3752737588000211, 3: -0.9990093856078337}}, 'ETH': {'digital': {16: False, 18: False, 9: False, 11: False, 13: False, 15: False}, 'analog': {1: -0.5772158192525085, 3: -0.5023181350926037}}}"
2.705770969390869,STATE,"{'sequence_executing': None, 'arming_switch': False, 'manual_switch': False, 'current_sequence': [], 'sequence_running': False, 'data_logging': True, 'aborting': False, 'time': 1630851345748, 'LOX': {'digital': {14: False, 12: False, 10: False, 8: False, 19: False, 17: False}, 'analog': {1: 0.3552887797958126, 3: -0.9978238753245643}}, 'ETH': {'digital': {16: False, 18: False, 9: False, 11: False, 13: False, 15: False}, 'analog': {1: -0.5946127606178637, 3: -0.4836391972435707}}}"
2.723716974258423,REQUEST,"{""command"":{""header"":""DATALOG"",""data"":false},""time"":1630851345785}"
2.7237911224365234,DATA_LOGGING,False
